	dev-01	dev-02	dev-03	dev-04	dev-05	dev-06	dev-07	dev-08	dev-09	dev-10	dev-11
0	1	1	1	1	1	1	1	1	1	1	1
1	1	1	1	1	1	1	1	1	1	1	0
2	1	1	1	1	1	1	1	1	1	0	1
3	1	1	1	1	1	1	1	1	1	0	0
4	1	1	1	1	1	1	1	1	0	1	1
5	1	1	1	1	1	1	1	1	0	1	0
6	1	1	1	1	1	1	1	1	0	0	1
7	1	1	1	1	1	1	1	1	0	0	0
8	1	1	1	1	1	1	1	0	1	1	1
9	1	1	1	1	1	1	1	0	1	1	0
10	1	1	1	1	1	1	1	0	1	0	1
11	1	1	1	1	1	1	1	0	1	0	0
12	1	1	1	1	1	1	1	0	0	1	1
13	1	1	1	1	1	1	1	0	0	1	0
14	1	1	1	1	1	1	1	0	0	0	1
15	1	1	1	1	1	1	1	0	0	0	0
16	1	1	1	1	1	1	0	1	1	1	1
17	1	1	1	1	1	1	0	1	1	1	0
18	1	1	1	1	1	1	0	1	1	0	1
19	1	1	1	1	1	1	0	1	1	0	0
20	1	1	1	1	1	1	0	1	0	1	1
21	1	1	1	1	1	1	0	1	0	1	0
22	1	1	1	1	1	1	0	1	0	0	1
23	1	1	1	1	1	1	0	1	0	0	0
24	1	1	1	1	1	1	0	0	1	1	1
25	1	1	1	1	1	1	0	0	1	1	0
26	1	1	1	1	1	1	0	0	1	0	1
27	1	1	1	1	1	1	0	0	1	0	0
28	1	1	1	1	1	1	0	0	0	1	1
29	1	1	1	1	1	1	0	0	0	1	0
30	1	1	1	1	1	1	0	0	0	0	1
31	1	1	1	1	1	1	0	0	0	0	0
32	1	1	1	1	1	0	1	1	1	1	1
33	1	1	1	1	1	0	1	1	1	1	0
34	1	1	1	1	1	0	1	1	1	0	1
35	1	1	1	1	1	0	1	1	1	0	0
36	1	1	1	1	1	0	1	1	0	1	1
37	1	1	1	1	1	0	1	1	0	1	0
38	1	1	1	1	1	0	1	1	0	0	1
39	1	1	1	1	1	0	1	1	0	0	0
40	1	1	1	1	1	0	1	0	1	1	1
41	1	1	1	1	1	0	1	0	1	1	0
42	1	1	1	1	1	0	1	0	1	0	1
43	1	1	1	1	1	0	1	0	1	0	0
44	1	1	1	1	1	0	1	0	0	1	1
45	1	1	1	1	1	0	1	0	0	1	0
46	1	1	1	1	1	0	1	0	0	0	1
47	1	1	1	1	1	0	1	0	0	0	0
48	1	1	1	1	1	0	0	1	1	1	1
49	1	1	1	1	1	0	0	1	1	1	0
50	1	1	1	1	1	0	0	1	1	0	1
51	1	1	1	1	1	0	0	1	1	0	0
52	1	1	1	1	1	0	0	1	0	1	1
53	1	1	1	1	1	0	0	1	0	1	0
54	1	1	1	1	1	0	0	1	0	0	1
55	1	1	1	1	1	0	0	1	0	0	0
56	1	1	1	1	1	0	0	0	1	1	1
57	1	1	1	1	1	0	0	0	1	1	0
58	1	1	1	1	1	0	0	0	1	0	1
59	1	1	1	1	1	0	0	0	1	0	0
60	1	1	1	1	1	0	0	0	0	1	1
61	1	1	1	1	1	0	0	0	0	1	0
62	1	1	1	1	1	0	0	0	0	0	1
63	1	1	1	1	1	0	0	0	0	0	0
64	1	1	1	1	0	1	1	1	1	1	1
65	1	1	1	1	0	1	1	1	1	1	0
66	1	1	1	1	0	1	1	1	1	0	1
67	1	1	1	1	0	1	1	1	1	0	0
68	1	1	1	1	0	1	1	1	0	1	1
69	1	1	1	1	0	1	1	1	0	1	0
70	1	1	1	1	0	1	1	1	0	0	1
71	1	1	1	1	0	1	1	1	0	0	0
72	1	1	1	1	0	1	1	0	1	1	1
73	1	1	1	1	0	1	1	0	1	1	0
74	1	1	1	1	0	1	1	0	1	0	1
75	1	1	1	1	0	1	1	0	1	0	0
76	1	1	1	1	0	1	1	0	0	1	1
77	1	1	1	1	0	1	1	0	0	1	0
78	1	1	1	1	0	1	1	0	0	0	1
79	1	1	1	1	0	1	1	0	0	0	0
96	1	1	1	1	0	0	1	1	1	1	1
97	1	1	1	1	0	0	1	1	1	1	0
98	1	1	1	1	0	0	1	1	1	0	1
99	1	1	1	1	0	0	1	1	1	0	0
100	1	1	1	1	0	0	1	1	0	1	1
101	1	1	1	1	0	0	1	1	0	1	0
102	1	1	1	1	0	0	1	1	0	0	1
103	1	1	1	1	0	0	1	1	0	0	0
104	1	1	1	1	0	0	1	0	1	1	1
105	1	1	1	1	0	0	1	0	1	1	0
106	1	1	1	1	0	0	1	0	1	0	1
107	1	1	1	1	0	0	1	0	1	0	0
108	1	1	1	1	0	0	1	0	0	1	1
109	1	1	1	1	0	0	1	0	0	1	0
110	1	1	1	1	0	0	1	0	0	0	1
111	1	1	1	1	0	0	1	0	0	0	0
128	1	1	1	0	1	1	1	1	1	1	1
129	1	1	1	0	1	1	1	1	1	1	0
130	1	1	1	0	1	1	1	1	1	0	1
131	1	1	1	0	1	1	1	1	1	0	0
132	1	1	1	0	1	1	1	1	0	1	1
133	1	1	1	0	1	1	1	1	0	1	0
134	1	1	1	0	1	1	1	1	0	0	1
135	1	1	1	0	1	1	1	1	0	0	0
136	1	1	1	0	1	1	1	0	1	1	1
137	1	1	1	0	1	1	1	0	1	1	0
138	1	1	1	0	1	1	1	0	1	0	1
139	1	1	1	0	1	1	1	0	1	0	0
140	1	1	1	0	1	1	1	0	0	1	1
141	1	1	1	0	1	1	1	0	0	1	0
142	1	1	1	0	1	1	1	0	0	0	1
143	1	1	1	0	1	1	1	0	0	0	0
144	1	1	1	0	1	1	0	1	1	1	1
145	1	1	1	0	1	1	0	1	1	1	0
146	1	1	1	0	1	1	0	1	1	0	1
147	1	1	1	0	1	1	0	1	1	0	0
148	1	1	1	0	1	1	0	1	0	1	1
149	1	1	1	0	1	1	0	1	0	1	0
150	1	1	1	0	1	1	0	1	0	0	1
151	1	1	1	0	1	1	0	1	0	0	0
152	1	1	1	0	1	1	0	0	1	1	1
153	1	1	1	0	1	1	0	0	1	1	0
154	1	1	1	0	1	1	0	0	1	0	1
155	1	1	1	0	1	1	0	0	1	0	0
156	1	1	1	0	1	1	0	0	0	1	1
157	1	1	1	0	1	1	0	0	0	1	0
158	1	1	1	0	1	1	0	0	0	0	1
159	1	1	1	0	1	1	0	0	0	0	0
160	1	1	1	0	1	0	1	1	1	1	1
161	1	1	1	0	1	0	1	1	1	1	0
162	1	1	1	0	1	0	1	1	1	0	1
163	1	1	1	0	1	0	1	1	1	0	0
164	1	1	1	0	1	0	1	1	0	1	1
165	1	1	1	0	1	0	1	1	0	1	0
166	1	1	1	0	1	0	1	1	0	0	1
167	1	1	1	0	1	0	1	1	0	0	0
168	1	1	1	0	1	0	1	0	1	1	1
169	1	1	1	0	1	0	1	0	1	1	0
170	1	1	1	0	1	0	1	0	1	0	1
171	1	1	1	0	1	0	1	0	1	0	0
172	1	1	1	0	1	0	1	0	0	1	1
173	1	1	1	0	1	0	1	0	0	1	0
174	1	1	1	0	1	0	1	0	0	0	1
175	1	1	1	0	1	0	1	0	0	0	0
176	1	1	1	0	1	0	0	1	1	1	1
177	1	1	1	0	1	0	0	1	1	1	0
178	1	1	1	0	1	0	0	1	1	0	1
179	1	1	1	0	1	0	0	1	1	0	0
180	1	1	1	0	1	0	0	1	0	1	1
181	1	1	1	0	1	0	0	1	0	1	0
182	1	1	1	0	1	0	0	1	0	0	1
183	1	1	1	0	1	0	0	1	0	0	0
184	1	1	1	0	1	0	0	0	1	1	1
185	1	1	1	0	1	0	0	0	1	1	0
186	1	1	1	0	1	0	0	0	1	0	1
187	1	1	1	0	1	0	0	0	1	0	0
188	1	1	1	0	1	0	0	0	0	1	1
189	1	1	1	0	1	0	0	0	0	1	0
190	1	1	1	0	1	0	0	0	0	0	1
191	1	1	1	0	1	0	0	0	0	0	0
192	1	1	1	0	0	1	1	1	1	1	1
193	1	1	1	0	0	1	1	1	1	1	0
194	1	1	1	0	0	1	1	1	1	0	1
195	1	1	1	0	0	1	1	1	1	0	0
196	1	1	1	0	0	1	1	1	0	1	1
197	1	1	1	0	0	1	1	1	0	1	0
198	1	1	1	0	0	1	1	1	0	0	1
199	1	1	1	0	0	1	1	1	0	0	0
200	1	1	1	0	0	1	1	0	1	1	1
201	1	1	1	0	0	1	1	0	1	1	0
202	1	1	1	0	0	1	1	0	1	0	1
203	1	1	1	0	0	1	1	0	1	0	0
204	1	1	1	0	0	1	1	0	0	1	1
205	1	1	1	0	0	1	1	0	0	1	0
206	1	1	1	0	0	1	1	0	0	0	1
207	1	1	1	0	0	1	1	0	0	0	0
224	1	1	1	0	0	0	1	1	1	1	1
225	1	1	1	0	0	0	1	1	1	1	0
226	1	1	1	0	0	0	1	1	1	0	1
227	1	1	1	0	0	0	1	1	1	0	0
228	1	1	1	0	0	0	1	1	0	1	1
229	1	1	1	0	0	0	1	1	0	1	0
230	1	1	1	0	0	0	1	1	0	0	1
231	1	1	1	0	0	0	1	1	0	0	0
232	1	1	1	0	0	0	1	0	1	1	1
233	1	1	1	0	0	0	1	0	1	1	0
234	1	1	1	0	0	0	1	0	1	0	1
235	1	1	1	0	0	0	1	0	1	0	0
236	1	1	1	0	0	0	1	0	0	1	1
237	1	1	1	0	0	0	1	0	0	1	0
238	1	1	1	0	0	0	1	0	0	0	1
239	1	1	1	0	0	0	1	0	0	0	0
256	1	1	0	1	1	1	1	1	1	1	1
257	1	1	0	1	1	1	1	1	1	1	0
258	1	1	0	1	1	1	1	1	1	0	1
259	1	1	0	1	1	1	1	1	1	0	0
260	1	1	0	1	1	1	1	1	0	1	1
261	1	1	0	1	1	1	1	1	0	1	0
262	1	1	0	1	1	1	1	1	0	0	1
263	1	1	0	1	1	1	1	1	0	0	0
264	1	1	0	1	1	1	1	0	1	1	1
265	1	1	0	1	1	1	1	0	1	1	0
266	1	1	0	1	1	1	1	0	1	0	1
267	1	1	0	1	1	1	1	0	1	0	0
268	1	1	0	1	1	1	1	0	0	1	1
269	1	1	0	1	1	1	1	0	0	1	0
270	1	1	0	1	1	1	1	0	0	0	1
271	1	1	0	1	1	1	1	0	0	0	0
272	1	1	0	1	1	1	0	1	1	1	1
273	1	1	0	1	1	1	0	1	1	1	0
274	1	1	0	1	1	1	0	1	1	0	1
275	1	1	0	1	1	1	0	1	1	0	0
276	1	1	0	1	1	1	0	1	0	1	1
277	1	1	0	1	1	1	0	1	0	1	0
278	1	1	0	1	1	1	0	1	0	0	1
279	1	1	0	1	1	1	0	1	0	0	0
280	1	1	0	1	1	1	0	0	1	1	1
281	1	1	0	1	1	1	0	0	1	1	0
282	1	1	0	1	1	1	0	0	1	0	1
283	1	1	0	1	1	1	0	0	1	0	0
284	1	1	0	1	1	1	0	0	0	1	1
285	1	1	0	1	1	1	0	0	0	1	0
286	1	1	0	1	1	1	0	0	0	0	1
287	1	1	0	1	1	1	0	0	0	0	0
288	1	1	0	1	1	0	1	1	1	1	1
289	1	1	0	1	1	0	1	1	1	1	0
290	1	1	0	1	1	0	1	1	1	0	1
291	1	1	0	1	1	0	1	1	1	0	0
292	1	1	0	1	1	0	1	1	0	1	1
293	1	1	0	1	1	0	1	1	0	1	0
294	1	1	0	1	1	0	1	1	0	0	1
295	1	1	0	1	1	0	1	1	0	0	0
296	1	1	0	1	1	0	1	0	1	1	1
297	1	1	0	1	1	0	1	0	1	1	0
298	1	1	0	1	1	0	1	0	1	0	1
299	1	1	0	1	1	0	1	0	1	0	0
300	1	1	0	1	1	0	1	0	0	1	1
301	1	1	0	1	1	0	1	0	0	1	0
302	1	1	0	1	1	0	1	0	0	0	1
303	1	1	0	1	1	0	1	0	0	0	0
304	1	1	0	1	1	0	0	1	1	1	1
305	1	1	0	1	1	0	0	1	1	1	0
306	1	1	0	1	1	0	0	1	1	0	1
307	1	1	0	1	1	0	0	1	1	0	0
308	1	1	0	1	1	0	0	1	0	1	1
309	1	1	0	1	1	0	0	1	0	1	0
310	1	1	0	1	1	0	0	1	0	0	1
311	1	1	0	1	1	0	0	1	0	0	0
312	1	1	0	1	1	0	0	0	1	1	1
313	1	1	0	1	1	0	0	0	1	1	0
314	1	1	0	1	1	0	0	0	1	0	1
315	1	1	0	1	1	0	0	0	1	0	0
316	1	1	0	1	1	0	0	0	0	1	1
317	1	1	0	1	1	0	0	0	0	1	0
318	1	1	0	1	1	0	0	0	0	0	1
319	1	1	0	1	1	0	0	0	0	0	0
320	1	1	0	1	0	1	1	1	1	1	1
321	1	1	0	1	0	1	1	1	1	1	0
322	1	1	0	1	0	1	1	1	1	0	1
323	1	1	0	1	0	1	1	1	1	0	0
324	1	1	0	1	0	1	1	1	0	1	1
325	1	1	0	1	0	1	1	1	0	1	0
326	1	1	0	1	0	1	1	1	0	0	1
327	1	1	0	1	0	1	1	1	0	0	0
328	1	1	0	1	0	1	1	0	1	1	1
329	1	1	0	1	0	1	1	0	1	1	0
330	1	1	0	1	0	1	1	0	1	0	1
331	1	1	0	1	0	1	1	0	1	0	0
332	1	1	0	1	0	1	1	0	0	1	1
333	1	1	0	1	0	1	1	0	0	1	0
334	1	1	0	1	0	1	1	0	0	0	1
335	1	1	0	1	0	1	1	0	0	0	0
352	1	1	0	1	0	0	1	1	1	1	1
353	1	1	0	1	0	0	1	1	1	1	0
354	1	1	0	1	0	0	1	1	1	0	1
355	1	1	0	1	0	0	1	1	1	0	0
356	1	1	0	1	0	0	1	1	0	1	1
357	1	1	0	1	0	0	1	1	0	1	0
358	1	1	0	1	0	0	1	1	0	0	1
359	1	1	0	1	0	0	1	1	0	0	0
360	1	1	0	1	0	0	1	0	1	1	1
361	1	1	0	1	0	0	1	0	1	1	0
362	1	1	0	1	0	0	1	0	1	0	1
363	1	1	0	1	0	0	1	0	1	0	0
364	1	1	0	1	0	0	1	0	0	1	1
365	1	1	0	1	0	0	1	0	0	1	0
366	1	1	0	1	0	0	1	0	0	0	1
367	1	1	0	1	0	0	1	0	0	0	0
384	1	1	0	0	1	1	1	1	1	1	1
385	1	1	0	0	1	1	1	1	1	1	0
386	1	1	0	0	1	1	1	1	1	0	1
387	1	1	0	0	1	1	1	1	1	0	0
388	1	1	0	0	1	1	1	1	0	1	1
389	1	1	0	0	1	1	1	1	0	1	0
390	1	1	0	0	1	1	1	1	0	0	1
391	1	1	0	0	1	1	1	1	0	0	0
392	1	1	0	0	1	1	1	0	1	1	1
393	1	1	0	0	1	1	1	0	1	1	0
394	1	1	0	0	1	1	1	0	1	0	1
395	1	1	0	0	1	1	1	0	1	0	0
396	1	1	0	0	1	1	1	0	0	1	1
397	1	1	0	0	1	1	1	0	0	1	0
398	1	1	0	0	1	1	1	0	0	0	1
399	1	1	0	0	1	1	1	0	0	0	0
400	1	1	0	0	1	1	0	1	1	1	1
401	1	1	0	0	1	1	0	1	1	1	0
402	1	1	0	0	1	1	0	1	1	0	1
403	1	1	0	0	1	1	0	1	1	0	0
404	1	1	0	0	1	1	0	1	0	1	1
405	1	1	0	0	1	1	0	1	0	1	0
406	1	1	0	0	1	1	0	1	0	0	1
407	1	1	0	0	1	1	0	1	0	0	0
408	1	1	0	0	1	1	0	0	1	1	1
409	1	1	0	0	1	1	0	0	1	1	0
410	1	1	0	0	1	1	0	0	1	0	1
411	1	1	0	0	1	1	0	0	1	0	0
412	1	1	0	0	1	1	0	0	0	1	1
413	1	1	0	0	1	1	0	0	0	1	0
414	1	1	0	0	1	1	0	0	0	0	1
415	1	1	0	0	1	1	0	0	0	0	0
416	1	1	0	0	1	0	1	1	1	1	1
417	1	1	0	0	1	0	1	1	1	1	0
418	1	1	0	0	1	0	1	1	1	0	1
419	1	1	0	0	1	0	1	1	1	0	0
420	1	1	0	0	1	0	1	1	0	1	1
421	1	1	0	0	1	0	1	1	0	1	0
422	1	1	0	0	1	0	1	1	0	0	1
423	1	1	0	0	1	0	1	1	0	0	0
424	1	1	0	0	1	0	1	0	1	1	1
425	1	1	0	0	1	0	1	0	1	1	0
426	1	1	0	0	1	0	1	0	1	0	1
427	1	1	0	0	1	0	1	0	1	0	0
428	1	1	0	0	1	0	1	0	0	1	1
429	1	1	0	0	1	0	1	0	0	1	0
430	1	1	0	0	1	0	1	0	0	0	1
431	1	1	0	0	1	0	1	0	0	0	0
432	1	1	0	0	1	0	0	1	1	1	1
433	1	1	0	0	1	0	0	1	1	1	0
434	1	1	0	0	1	0	0	1	1	0	1
435	1	1	0	0	1	0	0	1	1	0	0
436	1	1	0	0	1	0	0	1	0	1	1
437	1	1	0	0	1	0	0	1	0	1	0
438	1	1	0	0	1	0	0	1	0	0	1
439	1	1	0	0	1	0	0	1	0	0	0
440	1	1	0	0	1	0	0	0	1	1	1
441	1	1	0	0	1	0	0	0	1	1	0
442	1	1	0	0	1	0	0	0	1	0	1
443	1	1	0	0	1	0	0	0	1	0	0
444	1	1	0	0	1	0	0	0	0	1	1
445	1	1	0	0	1	0	0	0	0	1	0
446	1	1	0	0	1	0	0	0	0	0	1
447	1	1	0	0	1	0	0	0	0	0	0
448	1	1	0	0	0	1	1	1	1	1	1
449	1	1	0	0	0	1	1	1	1	1	0
450	1	1	0	0	0	1	1	1	1	0	1
451	1	1	0	0	0	1	1	1	1	0	0
452	1	1	0	0	0	1	1	1	0	1	1
453	1	1	0	0	0	1	1	1	0	1	0
454	1	1	0	0	0	1	1	1	0	0	1
455	1	1	0	0	0	1	1	1	0	0	0
456	1	1	0	0	0	1	1	0	1	1	1
457	1	1	0	0	0	1	1	0	1	1	0
458	1	1	0	0	0	1	1	0	1	0	1
459	1	1	0	0	0	1	1	0	1	0	0
460	1	1	0	0	0	1	1	0	0	1	1
461	1	1	0	0	0	1	1	0	0	1	0
462	1	1	0	0	0	1	1	0	0	0	1
463	1	1	0	0	0	1	1	0	0	0	0
480	1	1	0	0	0	0	1	1	1	1	1
481	1	1	0	0	0	0	1	1	1	1	0
482	1	1	0	0	0	0	1	1	1	0	1
483	1	1	0	0	0	0	1	1	1	0	0
484	1	1	0	0	0	0	1	1	0	1	1
485	1	1	0	0	0	0	1	1	0	1	0
486	1	1	0	0	0	0	1	1	0	0	1
487	1	1	0	0	0	0	1	1	0	0	0
488	1	1	0	0	0	0	1	0	1	1	1
489	1	1	0	0	0	0	1	0	1	1	0
490	1	1	0	0	0	0	1	0	1	0	1
491	1	1	0	0	0	0	1	0	1	0	0
492	1	1	0	0	0	0	1	0	0	1	1
493	1	1	0	0	0	0	1	0	0	1	0
494	1	1	0	0	0	0	1	0	0	0	1
495	1	1	0	0	0	0	1	0	0	0	0
512	1	0	1	1	1	1	1	1	1	1	1
513	1	0	1	1	1	1	1	1	1	1	0
514	1	0	1	1	1	1	1	1	1	0	1
515	1	0	1	1	1	1	1	1	1	0	0
516	1	0	1	1	1	1	1	1	0	1	1
517	1	0	1	1	1	1	1	1	0	1	0
518	1	0	1	1	1	1	1	1	0	0	1
519	1	0	1	1	1	1	1	1	0	0	0
520	1	0	1	1	1	1	1	0	1	1	1
521	1	0	1	1	1	1	1	0	1	1	0
522	1	0	1	1	1	1	1	0	1	0	1
523	1	0	1	1	1	1	1	0	1	0	0
524	1	0	1	1	1	1	1	0	0	1	1
525	1	0	1	1	1	1	1	0	0	1	0
526	1	0	1	1	1	1	1	0	0	0	1
527	1	0	1	1	1	1	1	0	0	0	0
528	1	0	1	1	1	1	0	1	1	1	1
529	1	0	1	1	1	1	0	1	1	1	0
530	1	0	1	1	1	1	0	1	1	0	1
531	1	0	1	1	1	1	0	1	1	0	0
532	1	0	1	1	1	1	0	1	0	1	1
533	1	0	1	1	1	1	0	1	0	1	0
534	1	0	1	1	1	1	0	1	0	0	1
535	1	0	1	1	1	1	0	1	0	0	0
536	1	0	1	1	1	1	0	0	1	1	1
537	1	0	1	1	1	1	0	0	1	1	0
538	1	0	1	1	1	1	0	0	1	0	1
539	1	0	1	1	1	1	0	0	1	0	0
540	1	0	1	1	1	1	0	0	0	1	1
541	1	0	1	1	1	1	0	0	0	1	0
542	1	0	1	1	1	1	0	0	0	0	1
543	1	0	1	1	1	1	0	0	0	0	0
544	1	0	1	1	1	0	1	1	1	1	1
545	1	0	1	1	1	0	1	1	1	1	0
546	1	0	1	1	1	0	1	1	1	0	1
547	1	0	1	1	1	0	1	1	1	0	0
548	1	0	1	1	1	0	1	1	0	1	1
549	1	0	1	1	1	0	1	1	0	1	0
550	1	0	1	1	1	0	1	1	0	0	1
551	1	0	1	1	1	0	1	1	0	0	0
552	1	0	1	1	1	0	1	0	1	1	1
553	1	0	1	1	1	0	1	0	1	1	0
554	1	0	1	1	1	0	1	0	1	0	1
555	1	0	1	1	1	0	1	0	1	0	0
556	1	0	1	1	1	0	1	0	0	1	1
557	1	0	1	1	1	0	1	0	0	1	0
558	1	0	1	1	1	0	1	0	0	0	1
559	1	0	1	1	1	0	1	0	0	0	0
560	1	0	1	1	1	0	0	1	1	1	1
561	1	0	1	1	1	0	0	1	1	1	0
562	1	0	1	1	1	0	0	1	1	0	1
563	1	0	1	1	1	0	0	1	1	0	0
564	1	0	1	1	1	0	0	1	0	1	1
565	1	0	1	1	1	0	0	1	0	1	0
566	1	0	1	1	1	0	0	1	0	0	1
567	1	0	1	1	1	0	0	1	0	0	0
568	1	0	1	1	1	0	0	0	1	1	1
569	1	0	1	1	1	0	0	0	1	1	0
570	1	0	1	1	1	0	0	0	1	0	1
571	1	0	1	1	1	0	0	0	1	0	0
572	1	0	1	1	1	0	0	0	0	1	1
573	1	0	1	1	1	0	0	0	0	1	0
574	1	0	1	1	1	0	0	0	0	0	1
575	1	0	1	1	1	0	0	0	0	0	0
576	1	0	1	1	0	1	1	1	1	1	1
577	1	0	1	1	0	1	1	1	1	1	0
578	1	0	1	1	0	1	1	1	1	0	1
579	1	0	1	1	0	1	1	1	1	0	0
580	1	0	1	1	0	1	1	1	0	1	1
581	1	0	1	1	0	1	1	1	0	1	0
582	1	0	1	1	0	1	1	1	0	0	1
583	1	0	1	1	0	1	1	1	0	0	0
584	1	0	1	1	0	1	1	0	1	1	1
585	1	0	1	1	0	1	1	0	1	1	0
586	1	0	1	1	0	1	1	0	1	0	1
587	1	0	1	1	0	1	1	0	1	0	0
588	1	0	1	1	0	1	1	0	0	1	1
589	1	0	1	1	0	1	1	0	0	1	0
590	1	0	1	1	0	1	1	0	0	0	1
591	1	0	1	1	0	1	1	0	0	0	0
608	1	0	1	1	0	0	1	1	1	1	1
609	1	0	1	1	0	0	1	1	1	1	0
610	1	0	1	1	0	0	1	1	1	0	1
611	1	0	1	1	0	0	1	1	1	0	0
612	1	0	1	1	0	0	1	1	0	1	1
613	1	0	1	1	0	0	1	1	0	1	0
614	1	0	1	1	0	0	1	1	0	0	1
615	1	0	1	1	0	0	1	1	0	0	0
616	1	0	1	1	0	0	1	0	1	1	1
617	1	0	1	1	0	0	1	0	1	1	0
618	1	0	1	1	0	0	1	0	1	0	1
619	1	0	1	1	0	0	1	0	1	0	0
620	1	0	1	1	0	0	1	0	0	1	1
621	1	0	1	1	0	0	1	0	0	1	0
622	1	0	1	1	0	0	1	0	0	0	1
623	1	0	1	1	0	0	1	0	0	0	0
640	1	0	1	0	1	1	1	1	1	1	1
641	1	0	1	0	1	1	1	1	1	1	0
642	1	0	1	0	1	1	1	1	1	0	1
643	1	0	1	0	1	1	1	1	1	0	0
644	1	0	1	0	1	1	1	1	0	1	1
645	1	0	1	0	1	1	1	1	0	1	0
646	1	0	1	0	1	1	1	1	0	0	1
647	1	0	1	0	1	1	1	1	0	0	0
648	1	0	1	0	1	1	1	0	1	1	1
649	1	0	1	0	1	1	1	0	1	1	0
650	1	0	1	0	1	1	1	0	1	0	1
651	1	0	1	0	1	1	1	0	1	0	0
652	1	0	1	0	1	1	1	0	0	1	1
653	1	0	1	0	1	1	1	0	0	1	0
654	1	0	1	0	1	1	1	0	0	0	1
655	1	0	1	0	1	1	1	0	0	0	0
656	1	0	1	0	1	1	0	1	1	1	1
657	1	0	1	0	1	1	0	1	1	1	0
658	1	0	1	0	1	1	0	1	1	0	1
659	1	0	1	0	1	1	0	1	1	0	0
660	1	0	1	0	1	1	0	1	0	1	1
661	1	0	1	0	1	1	0	1	0	1	0
662	1	0	1	0	1	1	0	1	0	0	1
663	1	0	1	0	1	1	0	1	0	0	0
664	1	0	1	0	1	1	0	0	1	1	1
665	1	0	1	0	1	1	0	0	1	1	0
666	1	0	1	0	1	1	0	0	1	0	1
667	1	0	1	0	1	1	0	0	1	0	0
668	1	0	1	0	1	1	0	0	0	1	1
669	1	0	1	0	1	1	0	0	0	1	0
670	1	0	1	0	1	1	0	0	0	0	1
671	1	0	1	0	1	1	0	0	0	0	0
672	1	0	1	0	1	0	1	1	1	1	1
673	1	0	1	0	1	0	1	1	1	1	0
674	1	0	1	0	1	0	1	1	1	0	1
675	1	0	1	0	1	0	1	1	1	0	0
676	1	0	1	0	1	0	1	1	0	1	1
677	1	0	1	0	1	0	1	1	0	1	0
678	1	0	1	0	1	0	1	1	0	0	1
679	1	0	1	0	1	0	1	1	0	0	0
680	1	0	1	0	1	0	1	0	1	1	1
681	1	0	1	0	1	0	1	0	1	1	0
682	1	0	1	0	1	0	1	0	1	0	1
683	1	0	1	0	1	0	1	0	1	0	0
684	1	0	1	0	1	0	1	0	0	1	1
685	1	0	1	0	1	0	1	0	0	1	0
686	1	0	1	0	1	0	1	0	0	0	1
687	1	0	1	0	1	0	1	0	0	0	0
688	1	0	1	0	1	0	0	1	1	1	1
689	1	0	1	0	1	0	0	1	1	1	0
690	1	0	1	0	1	0	0	1	1	0	1
691	1	0	1	0	1	0	0	1	1	0	0
692	1	0	1	0	1	0	0	1	0	1	1
693	1	0	1	0	1	0	0	1	0	1	0
694	1	0	1	0	1	0	0	1	0	0	1
695	1	0	1	0	1	0	0	1	0	0	0
696	1	0	1	0	1	0	0	0	1	1	1
697	1	0	1	0	1	0	0	0	1	1	0
698	1	0	1	0	1	0	0	0	1	0	1
699	1	0	1	0	1	0	0	0	1	0	0
700	1	0	1	0	1	0	0	0	0	1	1
701	1	0	1	0	1	0	0	0	0	1	0
702	1	0	1	0	1	0	0	0	0	0	1
703	1	0	1	0	1	0	0	0	0	0	0
704	1	0	1	0	0	1	1	1	1	1	1
705	1	0	1	0	0	1	1	1	1	1	0
706	1	0	1	0	0	1	1	1	1	0	1
707	1	0	1	0	0	1	1	1	1	0	0
708	1	0	1	0	0	1	1	1	0	1	1
709	1	0	1	0	0	1	1	1	0	1	0
710	1	0	1	0	0	1	1	1	0	0	1
711	1	0	1	0	0	1	1	1	0	0	0
712	1	0	1	0	0	1	1	0	1	1	1
713	1	0	1	0	0	1	1	0	1	1	0
714	1	0	1	0	0	1	1	0	1	0	1
715	1	0	1	0	0	1	1	0	1	0	0
716	1	0	1	0	0	1	1	0	0	1	1
717	1	0	1	0	0	1	1	0	0	1	0
718	1	0	1	0	0	1	1	0	0	0	1
719	1	0	1	0	0	1	1	0	0	0	0
736	1	0	1	0	0	0	1	1	1	1	1
737	1	0	1	0	0	0	1	1	1	1	0
738	1	0	1	0	0	0	1	1	1	0	1
739	1	0	1	0	0	0	1	1	1	0	0
740	1	0	1	0	0	0	1	1	0	1	1
741	1	0	1	0	0	0	1	1	0	1	0
742	1	0	1	0	0	0	1	1	0	0	1
743	1	0	1	0	0	0	1	1	0	0	0
744	1	0	1	0	0	0	1	0	1	1	1
745	1	0	1	0	0	0	1	0	1	1	0
746	1	0	1	0	0	0	1	0	1	0	1
747	1	0	1	0	0	0	1	0	1	0	0
748	1	0	1	0	0	0	1	0	0	1	1
749	1	0	1	0	0	0	1	0	0	1	0
750	1	0	1	0	0	0	1	0	0	0	1
751	1	0	1	0	0	0	1	0	0	0	0
768	1	0	0	1	1	1	1	1	1	1	1
769	1	0	0	1	1	1	1	1	1	1	0
770	1	0	0	1	1	1	1	1	1	0	1
771	1	0	0	1	1	1	1	1	1	0	0
772	1	0	0	1	1	1	1	1	0	1	1
773	1	0	0	1	1	1	1	1	0	1	0
774	1	0	0	1	1	1	1	1	0	0	1
775	1	0	0	1	1	1	1	1	0	0	0
776	1	0	0	1	1	1	1	0	1	1	1
777	1	0	0	1	1	1	1	0	1	1	0
778	1	0	0	1	1	1	1	0	1	0	1
779	1	0	0	1	1	1	1	0	1	0	0
780	1	0	0	1	1	1	1	0	0	1	1
781	1	0	0	1	1	1	1	0	0	1	0
782	1	0	0	1	1	1	1	0	0	0	1
783	1	0	0	1	1	1	1	0	0	0	0
784	1	0	0	1	1	1	0	1	1	1	1
785	1	0	0	1	1	1	0	1	1	1	0
786	1	0	0	1	1	1	0	1	1	0	1
787	1	0	0	1	1	1	0	1	1	0	0
788	1	0	0	1	1	1	0	1	0	1	1
789	1	0	0	1	1	1	0	1	0	1	0
790	1	0	0	1	1	1	0	1	0	0	1
791	1	0	0	1	1	1	0	1	0	0	0
792	1	0	0	1	1	1	0	0	1	1	1
793	1	0	0	1	1	1	0	0	1	1	0
794	1	0	0	1	1	1	0	0	1	0	1
795	1	0	0	1	1	1	0	0	1	0	0
796	1	0	0	1	1	1	0	0	0	1	1
797	1	0	0	1	1	1	0	0	0	1	0
798	1	0	0	1	1	1	0	0	0	0	1
799	1	0	0	1	1	1	0	0	0	0	0
800	1	0	0	1	1	0	1	1	1	1	1
801	1	0	0	1	1	0	1	1	1	1	0
802	1	0	0	1	1	0	1	1	1	0	1
803	1	0	0	1	1	0	1	1	1	0	0
804	1	0	0	1	1	0	1	1	0	1	1
805	1	0	0	1	1	0	1	1	0	1	0
806	1	0	0	1	1	0	1	1	0	0	1
807	1	0	0	1	1	0	1	1	0	0	0
808	1	0	0	1	1	0	1	0	1	1	1
809	1	0	0	1	1	0	1	0	1	1	0
810	1	0	0	1	1	0	1	0	1	0	1
811	1	0	0	1	1	0	1	0	1	0	0
812	1	0	0	1	1	0	1	0	0	1	1
813	1	0	0	1	1	0	1	0	0	1	0
814	1	0	0	1	1	0	1	0	0	0	1
815	1	0	0	1	1	0	1	0	0	0	0
816	1	0	0	1	1	0	0	1	1	1	1
817	1	0	0	1	1	0	0	1	1	1	0
818	1	0	0	1	1	0	0	1	1	0	1
819	1	0	0	1	1	0	0	1	1	0	0
820	1	0	0	1	1	0	0	1	0	1	1
821	1	0	0	1	1	0	0	1	0	1	0
822	1	0	0	1	1	0	0	1	0	0	1
823	1	0	0	1	1	0	0	1	0	0	0
824	1	0	0	1	1	0	0	0	1	1	1
825	1	0	0	1	1	0	0	0	1	1	0
826	1	0	0	1	1	0	0	0	1	0	1
827	1	0	0	1	1	0	0	0	1	0	0
828	1	0	0	1	1	0	0	0	0	1	1
829	1	0	0	1	1	0	0	0	0	1	0
830	1	0	0	1	1	0	0	0	0	0	1
831	1	0	0	1	1	0	0	0	0	0	0
832	1	0	0	1	0	1	1	1	1	1	1
833	1	0	0	1	0	1	1	1	1	1	0
834	1	0	0	1	0	1	1	1	1	0	1
835	1	0	0	1	0	1	1	1	1	0	0
836	1	0	0	1	0	1	1	1	0	1	1
837	1	0	0	1	0	1	1	1	0	1	0
838	1	0	0	1	0	1	1	1	0	0	1
839	1	0	0	1	0	1	1	1	0	0	0
840	1	0	0	1	0	1	1	0	1	1	1
841	1	0	0	1	0	1	1	0	1	1	0
842	1	0	0	1	0	1	1	0	1	0	1
843	1	0	0	1	0	1	1	0	1	0	0
844	1	0	0	1	0	1	1	0	0	1	1
845	1	0	0	1	0	1	1	0	0	1	0
846	1	0	0	1	0	1	1	0	0	0	1
847	1	0	0	1	0	1	1	0	0	0	0
864	1	0	0	1	0	0	1	1	1	1	1
865	1	0	0	1	0	0	1	1	1	1	0
866	1	0	0	1	0	0	1	1	1	0	1
867	1	0	0	1	0	0	1	1	1	0	0
868	1	0	0	1	0	0	1	1	0	1	1
869	1	0	0	1	0	0	1	1	0	1	0
870	1	0	0	1	0	0	1	1	0	0	1
871	1	0	0	1	0	0	1	1	0	0	0
872	1	0	0	1	0	0	1	0	1	1	1
873	1	0	0	1	0	0	1	0	1	1	0
874	1	0	0	1	0	0	1	0	1	0	1
875	1	0	0	1	0	0	1	0	1	0	0
876	1	0	0	1	0	0	1	0	0	1	1
877	1	0	0	1	0	0	1	0	0	1	0
878	1	0	0	1	0	0	1	0	0	0	1
879	1	0	0	1	0	0	1	0	0	0	0
896	1	0	0	0	1	1	1	1	1	1	1
897	1	0	0	0	1	1	1	1	1	1	0
898	1	0	0	0	1	1	1	1	1	0	1
899	1	0	0	0	1	1	1	1	1	0	0
900	1	0	0	0	1	1	1	1	0	1	1
901	1	0	0	0	1	1	1	1	0	1	0
902	1	0	0	0	1	1	1	1	0	0	1
903	1	0	0	0	1	1	1	1	0	0	0
904	1	0	0	0	1	1	1	0	1	1	1
905	1	0	0	0	1	1	1	0	1	1	0
906	1	0	0	0	1	1	1	0	1	0	1
907	1	0	0	0	1	1	1	0	1	0	0
908	1	0	0	0	1	1	1	0	0	1	1
909	1	0	0	0	1	1	1	0	0	1	0
910	1	0	0	0	1	1	1	0	0	0	1
911	1	0	0	0	1	1	1	0	0	0	0
912	1	0	0	0	1	1	0	1	1	1	1
913	1	0	0	0	1	1	0	1	1	1	0
914	1	0	0	0	1	1	0	1	1	0	1
915	1	0	0	0	1	1	0	1	1	0	0
916	1	0	0	0	1	1	0	1	0	1	1
917	1	0	0	0	1	1	0	1	0	1	0
918	1	0	0	0	1	1	0	1	0	0	1
919	1	0	0	0	1	1	0	1	0	0	0
920	1	0	0	0	1	1	0	0	1	1	1
921	1	0	0	0	1	1	0	0	1	1	0
922	1	0	0	0	1	1	0	0	1	0	1
923	1	0	0	0	1	1	0	0	1	0	0
924	1	0	0	0	1	1	0	0	0	1	1
925	1	0	0	0	1	1	0	0	0	1	0
926	1	0	0	0	1	1	0	0	0	0	1
927	1	0	0	0	1	1	0	0	0	0	0
928	1	0	0	0	1	0	1	1	1	1	1
929	1	0	0	0	1	0	1	1	1	1	0
930	1	0	0	0	1	0	1	1	1	0	1
931	1	0	0	0	1	0	1	1	1	0	0
932	1	0	0	0	1	0	1	1	0	1	1
933	1	0	0	0	1	0	1	1	0	1	0
934	1	0	0	0	1	0	1	1	0	0	1
935	1	0	0	0	1	0	1	1	0	0	0
936	1	0	0	0	1	0	1	0	1	1	1
937	1	0	0	0	1	0	1	0	1	1	0
938	1	0	0	0	1	0	1	0	1	0	1
939	1	0	0	0	1	0	1	0	1	0	0
940	1	0	0	0	1	0	1	0	0	1	1
941	1	0	0	0	1	0	1	0	0	1	0
942	1	0	0	0	1	0	1	0	0	0	1
943	1	0	0	0	1	0	1	0	0	0	0
944	1	0	0	0	1	0	0	1	1	1	1
945	1	0	0	0	1	0	0	1	1	1	0
946	1	0	0	0	1	0	0	1	1	0	1
947	1	0	0	0	1	0	0	1	1	0	0
948	1	0	0	0	1	0	0	1	0	1	1
949	1	0	0	0	1	0	0	1	0	1	0
950	1	0	0	0	1	0	0	1	0	0	1
951	1	0	0	0	1	0	0	1	0	0	0
952	1	0	0	0	1	0	0	0	1	1	1
953	1	0	0	0	1	0	0	0	1	1	0
954	1	0	0	0	1	0	0	0	1	0	1
955	1	0	0	0	1	0	0	0	1	0	0
956	1	0	0	0	1	0	0	0	0	1	1
957	1	0	0	0	1	0	0	0	0	1	0
958	1	0	0	0	1	0	0	0	0	0	1
959	1	0	0	0	1	0	0	0	0	0	0
960	1	0	0	0	0	1	1	1	1	1	1
961	1	0	0	0	0	1	1	1	1	1	0
962	1	0	0	0	0	1	1	1	1	0	1
963	1	0	0	0	0	1	1	1	1	0	0
964	1	0	0	0	0	1	1	1	0	1	1
965	1	0	0	0	0	1	1	1	0	1	0
966	1	0	0	0	0	1	1	1	0	0	1
967	1	0	0	0	0	1	1	1	0	0	0
968	1	0	0	0	0	1	1	0	1	1	1
969	1	0	0	0	0	1	1	0	1	1	0
970	1	0	0	0	0	1	1	0	1	0	1
971	1	0	0	0	0	1	1	0	1	0	0
972	1	0	0	0	0	1	1	0	0	1	1
973	1	0	0	0	0	1	1	0	0	1	0
974	1	0	0	0	0	1	1	0	0	0	1
975	1	0	0	0	0	1	1	0	0	0	0
992	1	0	0	0	0	0	1	1	1	1	1
993	1	0	0	0	0	0	1	1	1	1	0
994	1	0	0	0	0	0	1	1	1	0	1
995	1	0	0	0	0	0	1	1	1	0	0
996	1	0	0	0	0	0	1	1	0	1	1
997	1	0	0	0	0	0	1	1	0	1	0
998	1	0	0	0	0	0	1	1	0	0	1
999	1	0	0	0	0	0	1	1	0	0	0
1000	1	0	0	0	0	0	1	0	1	1	1
1001	1	0	0	0	0	0	1	0	1	1	0
1002	1	0	0	0	0	0	1	0	1	0	1
1003	1	0	0	0	0	0	1	0	1	0	0
1004	1	0	0	0	0	0	1	0	0	1	1
1005	1	0	0	0	0	0	1	0	0	1	0
1006	1	0	0	0	0	0	1	0	0	0	1
1007	1	0	0	0	0	0	1	0	0	0	0
1024	0	1	1	1	1	1	1	1	1	1	1
1025	0	1	1	1	1	1	1	1	1	1	0
1026	0	1	1	1	1	1	1	1	1	0	1
1027	0	1	1	1	1	1	1	1	1	0	0
1028	0	1	1	1	1	1	1	1	0	1	1
1029	0	1	1	1	1	1	1	1	0	1	0
1030	0	1	1	1	1	1	1	1	0	0	1
1031	0	1	1	1	1	1	1	1	0	0	0
1032	0	1	1	1	1	1	1	0	1	1	1
1033	0	1	1	1	1	1	1	0	1	1	0
1034	0	1	1	1	1	1	1	0	1	0	1
1035	0	1	1	1	1	1	1	0	1	0	0
1036	0	1	1	1	1	1	1	0	0	1	1
1037	0	1	1	1	1	1	1	0	0	1	0
1038	0	1	1	1	1	1	1	0	0	0	1
1039	0	1	1	1	1	1	1	0	0	0	0
1040	0	1	1	1	1	1	0	1	1	1	1
1041	0	1	1	1	1	1	0	1	1	1	0
1042	0	1	1	1	1	1	0	1	1	0	1
1043	0	1	1	1	1	1	0	1	1	0	0
1044	0	1	1	1	1	1	0	1	0	1	1
1045	0	1	1	1	1	1	0	1	0	1	0
1046	0	1	1	1	1	1	0	1	0	0	1
1047	0	1	1	1	1	1	0	1	0	0	0
1048	0	1	1	1	1	1	0	0	1	1	1
1049	0	1	1	1	1	1	0	0	1	1	0
1050	0	1	1	1	1	1	0	0	1	0	1
1051	0	1	1	1	1	1	0	0	1	0	0
1052	0	1	1	1	1	1	0	0	0	1	1
1053	0	1	1	1	1	1	0	0	0	1	0
1054	0	1	1	1	1	1	0	0	0	0	1
1055	0	1	1	1	1	1	0	0	0	0	0
1056	0	1	1	1	1	0	1	1	1	1	1
1057	0	1	1	1	1	0	1	1	1	1	0
1058	0	1	1	1	1	0	1	1	1	0	1
1059	0	1	1	1	1	0	1	1	1	0	0
1060	0	1	1	1	1	0	1	1	0	1	1
1061	0	1	1	1	1	0	1	1	0	1	0
1062	0	1	1	1	1	0	1	1	0	0	1
1063	0	1	1	1	1	0	1	1	0	0	0
1064	0	1	1	1	1	0	1	0	1	1	1
1065	0	1	1	1	1	0	1	0	1	1	0
1066	0	1	1	1	1	0	1	0	1	0	1
1067	0	1	1	1	1	0	1	0	1	0	0
1068	0	1	1	1	1	0	1	0	0	1	1
1069	0	1	1	1	1	0	1	0	0	1	0
1070	0	1	1	1	1	0	1	0	0	0	1
1071	0	1	1	1	1	0	1	0	0	0	0
1072	0	1	1	1	1	0	0	1	1	1	1
1073	0	1	1	1	1	0	0	1	1	1	0
1074	0	1	1	1	1	0	0	1	1	0	1
1075	0	1	1	1	1	0	0	1	1	0	0
1076	0	1	1	1	1	0	0	1	0	1	1
1077	0	1	1	1	1	0	0	1	0	1	0
1078	0	1	1	1	1	0	0	1	0	0	1
1079	0	1	1	1	1	0	0	1	0	0	0
1080	0	1	1	1	1	0	0	0	1	1	1
1081	0	1	1	1	1	0	0	0	1	1	0
1082	0	1	1	1	1	0	0	0	1	0	1
1083	0	1	1	1	1	0	0	0	1	0	0
1084	0	1	1	1	1	0	0	0	0	1	1
1085	0	1	1	1	1	0	0	0	0	1	0
1086	0	1	1	1	1	0	0	0	0	0	1
1087	0	1	1	1	1	0	0	0	0	0	0
1088	0	1	1	1	0	1	1	1	1	1	1
1089	0	1	1	1	0	1	1	1	1	1	0
1090	0	1	1	1	0	1	1	1	1	0	1
1091	0	1	1	1	0	1	1	1	1	0	0
1092	0	1	1	1	0	1	1	1	0	1	1
1093	0	1	1	1	0	1	1	1	0	1	0
1094	0	1	1	1	0	1	1	1	0	0	1
1095	0	1	1	1	0	1	1	1	0	0	0
1096	0	1	1	1	0	1	1	0	1	1	1
1097	0	1	1	1	0	1	1	0	1	1	0
1098	0	1	1	1	0	1	1	0	1	0	1
1099	0	1	1	1	0	1	1	0	1	0	0
1100	0	1	1	1	0	1	1	0	0	1	1
1101	0	1	1	1	0	1	1	0	0	1	0
1102	0	1	1	1	0	1	1	0	0	0	1
1103	0	1	1	1	0	1	1	0	0	0	0
1120	0	1	1	1	0	0	1	1	1	1	1
1121	0	1	1	1	0	0	1	1	1	1	0
1122	0	1	1	1	0	0	1	1	1	0	1
1123	0	1	1	1	0	0	1	1	1	0	0
1124	0	1	1	1	0	0	1	1	0	1	1
1125	0	1	1	1	0	0	1	1	0	1	0
1126	0	1	1	1	0	0	1	1	0	0	1
1127	0	1	1	1	0	0	1	1	0	0	0
1128	0	1	1	1	0	0	1	0	1	1	1
1129	0	1	1	1	0	0	1	0	1	1	0
1130	0	1	1	1	0	0	1	0	1	0	1
1131	0	1	1	1	0	0	1	0	1	0	0
1132	0	1	1	1	0	0	1	0	0	1	1
1133	0	1	1	1	0	0	1	0	0	1	0
1134	0	1	1	1	0	0	1	0	0	0	1
1135	0	1	1	1	0	0	1	0	0	0	0
1152	0	1	1	0	1	1	1	1	1	1	1
1153	0	1	1	0	1	1	1	1	1	1	0
1154	0	1	1	0	1	1	1	1	1	0	1
1155	0	1	1	0	1	1	1	1	1	0	0
1156	0	1	1	0	1	1	1	1	0	1	1
1157	0	1	1	0	1	1	1	1	0	1	0
1158	0	1	1	0	1	1	1	1	0	0	1
1159	0	1	1	0	1	1	1	1	0	0	0
1160	0	1	1	0	1	1	1	0	1	1	1
1161	0	1	1	0	1	1	1	0	1	1	0
1162	0	1	1	0	1	1	1	0	1	0	1
1163	0	1	1	0	1	1	1	0	1	0	0
1164	0	1	1	0	1	1	1	0	0	1	1
1165	0	1	1	0	1	1	1	0	0	1	0
1166	0	1	1	0	1	1	1	0	0	0	1
1167	0	1	1	0	1	1	1	0	0	0	0
1168	0	1	1	0	1	1	0	1	1	1	1
1169	0	1	1	0	1	1	0	1	1	1	0
1170	0	1	1	0	1	1	0	1	1	0	1
1171	0	1	1	0	1	1	0	1	1	0	0
1172	0	1	1	0	1	1	0	1	0	1	1
1173	0	1	1	0	1	1	0	1	0	1	0
1174	0	1	1	0	1	1	0	1	0	0	1
1175	0	1	1	0	1	1	0	1	0	0	0
1176	0	1	1	0	1	1	0	0	1	1	1
1177	0	1	1	0	1	1	0	0	1	1	0
1178	0	1	1	0	1	1	0	0	1	0	1
1179	0	1	1	0	1	1	0	0	1	0	0
1180	0	1	1	0	1	1	0	0	0	1	1
1181	0	1	1	0	1	1	0	0	0	1	0
1182	0	1	1	0	1	1	0	0	0	0	1
1183	0	1	1	0	1	1	0	0	0	0	0
1184	0	1	1	0	1	0	1	1	1	1	1
1185	0	1	1	0	1	0	1	1	1	1	0
1186	0	1	1	0	1	0	1	1	1	0	1
1187	0	1	1	0	1	0	1	1	1	0	0
1188	0	1	1	0	1	0	1	1	0	1	1
1189	0	1	1	0	1	0	1	1	0	1	0
1190	0	1	1	0	1	0	1	1	0	0	1
1191	0	1	1	0	1	0	1	1	0	0	0
1192	0	1	1	0	1	0	1	0	1	1	1
1193	0	1	1	0	1	0	1	0	1	1	0
1194	0	1	1	0	1	0	1	0	1	0	1
1195	0	1	1	0	1	0	1	0	1	0	0
1196	0	1	1	0	1	0	1	0	0	1	1
1197	0	1	1	0	1	0	1	0	0	1	0
1198	0	1	1	0	1	0	1	0	0	0	1
1199	0	1	1	0	1	0	1	0	0	0	0
1200	0	1	1	0	1	0	0	1	1	1	1
1201	0	1	1	0	1	0	0	1	1	1	0
1202	0	1	1	0	1	0	0	1	1	0	1
1203	0	1	1	0	1	0	0	1	1	0	0
1204	0	1	1	0	1	0	0	1	0	1	1
1205	0	1	1	0	1	0	0	1	0	1	0
1206	0	1	1	0	1	0	0	1	0	0	1
1207	0	1	1	0	1	0	0	1	0	0	0
1208	0	1	1	0	1	0	0	0	1	1	1
1209	0	1	1	0	1	0	0	0	1	1	0
1210	0	1	1	0	1	0	0	0	1	0	1
1211	0	1	1	0	1	0	0	0	1	0	0
1212	0	1	1	0	1	0	0	0	0	1	1
1213	0	1	1	0	1	0	0	0	0	1	0
1214	0	1	1	0	1	0	0	0	0	0	1
1215	0	1	1	0	1	0	0	0	0	0	0
1216	0	1	1	0	0	1	1	1	1	1	1
1217	0	1	1	0	0	1	1	1	1	1	0
1218	0	1	1	0	0	1	1	1	1	0	1
1219	0	1	1	0	0	1	1	1	1	0	0
1220	0	1	1	0	0	1	1	1	0	1	1
1221	0	1	1	0	0	1	1	1	0	1	0
1222	0	1	1	0	0	1	1	1	0	0	1
1223	0	1	1	0	0	1	1	1	0	0	0
1224	0	1	1	0	0	1	1	0	1	1	1
1225	0	1	1	0	0	1	1	0	1	1	0
1226	0	1	1	0	0	1	1	0	1	0	1
1227	0	1	1	0	0	1	1	0	1	0	0
1228	0	1	1	0	0	1	1	0	0	1	1
1229	0	1	1	0	0	1	1	0	0	1	0
1230	0	1	1	0	0	1	1	0	0	0	1
1231	0	1	1	0	0	1	1	0	0	0	0
1248	0	1	1	0	0	0	1	1	1	1	1
1249	0	1	1	0	0	0	1	1	1	1	0
1250	0	1	1	0	0	0	1	1	1	0	1
1251	0	1	1	0	0	0	1	1	1	0	0
1252	0	1	1	0	0	0	1	1	0	1	1
1253	0	1	1	0	0	0	1	1	0	1	0
1254	0	1	1	0	0	0	1	1	0	0	1
1255	0	1	1	0	0	0	1	1	0	0	0
1256	0	1	1	0	0	0	1	0	1	1	1
1257	0	1	1	0	0	0	1	0	1	1	0
1258	0	1	1	0	0	0	1	0	1	0	1
1259	0	1	1	0	0	0	1	0	1	0	0
1260	0	1	1	0	0	0	1	0	0	1	1
1261	0	1	1	0	0	0	1	0	0	1	0
1262	0	1	1	0	0	0	1	0	0	0	1
1263	0	1	1	0	0	0	1	0	0	0	0
1280	0	1	0	1	1	1	1	1	1	1	1
1281	0	1	0	1	1	1	1	1	1	1	0
1282	0	1	0	1	1	1	1	1	1	0	1
1283	0	1	0	1	1	1	1	1	1	0	0
1284	0	1	0	1	1	1	1	1	0	1	1
1285	0	1	0	1	1	1	1	1	0	1	0
1286	0	1	0	1	1	1	1	1	0	0	1
1287	0	1	0	1	1	1	1	1	0	0	0
1288	0	1	0	1	1	1	1	0	1	1	1
1289	0	1	0	1	1	1	1	0	1	1	0
1290	0	1	0	1	1	1	1	0	1	0	1
1291	0	1	0	1	1	1	1	0	1	0	0
1292	0	1	0	1	1	1	1	0	0	1	1
1293	0	1	0	1	1	1	1	0	0	1	0
1294	0	1	0	1	1	1	1	0	0	0	1
1295	0	1	0	1	1	1	1	0	0	0	0
1296	0	1	0	1	1	1	0	1	1	1	1
1297	0	1	0	1	1	1	0	1	1	1	0
1298	0	1	0	1	1	1	0	1	1	0	1
1299	0	1	0	1	1	1	0	1	1	0	0
1300	0	1	0	1	1	1	0	1	0	1	1
1301	0	1	0	1	1	1	0	1	0	1	0
1302	0	1	0	1	1	1	0	1	0	0	1
1303	0	1	0	1	1	1	0	1	0	0	0
1304	0	1	0	1	1	1	0	0	1	1	1
1305	0	1	0	1	1	1	0	0	1	1	0
1306	0	1	0	1	1	1	0	0	1	0	1
1307	0	1	0	1	1	1	0	0	1	0	0
1308	0	1	0	1	1	1	0	0	0	1	1
1309	0	1	0	1	1	1	0	0	0	1	0
1310	0	1	0	1	1	1	0	0	0	0	1
1311	0	1	0	1	1	1	0	0	0	0	0
1312	0	1	0	1	1	0	1	1	1	1	1
1313	0	1	0	1	1	0	1	1	1	1	0
1314	0	1	0	1	1	0	1	1	1	0	1
1315	0	1	0	1	1	0	1	1	1	0	0
1316	0	1	0	1	1	0	1	1	0	1	1
1317	0	1	0	1	1	0	1	1	0	1	0
1318	0	1	0	1	1	0	1	1	0	0	1
1319	0	1	0	1	1	0	1	1	0	0	0
1320	0	1	0	1	1	0	1	0	1	1	1
1321	0	1	0	1	1	0	1	0	1	1	0
1322	0	1	0	1	1	0	1	0	1	0	1
1323	0	1	0	1	1	0	1	0	1	0	0
1324	0	1	0	1	1	0	1	0	0	1	1
1325	0	1	0	1	1	0	1	0	0	1	0
1326	0	1	0	1	1	0	1	0	0	0	1
1327	0	1	0	1	1	0	1	0	0	0	0
1328	0	1	0	1	1	0	0	1	1	1	1
1329	0	1	0	1	1	0	0	1	1	1	0
1330	0	1	0	1	1	0	0	1	1	0	1
1331	0	1	0	1	1	0	0	1	1	0	0
1332	0	1	0	1	1	0	0	1	0	1	1
1333	0	1	0	1	1	0	0	1	0	1	0
1334	0	1	0	1	1	0	0	1	0	0	1
1335	0	1	0	1	1	0	0	1	0	0	0
1336	0	1	0	1	1	0	0	0	1	1	1
1337	0	1	0	1	1	0	0	0	1	1	0
1338	0	1	0	1	1	0	0	0	1	0	1
1339	0	1	0	1	1	0	0	0	1	0	0
1340	0	1	0	1	1	0	0	0	0	1	1
1341	0	1	0	1	1	0	0	0	0	1	0
1342	0	1	0	1	1	0	0	0	0	0	1
1343	0	1	0	1	1	0	0	0	0	0	0
1344	0	1	0	1	0	1	1	1	1	1	1
1345	0	1	0	1	0	1	1	1	1	1	0
1346	0	1	0	1	0	1	1	1	1	0	1
1347	0	1	0	1	0	1	1	1	1	0	0
1348	0	1	0	1	0	1	1	1	0	1	1
1349	0	1	0	1	0	1	1	1	0	1	0
1350	0	1	0	1	0	1	1	1	0	0	1
1351	0	1	0	1	0	1	1	1	0	0	0
1352	0	1	0	1	0	1	1	0	1	1	1
1353	0	1	0	1	0	1	1	0	1	1	0
1354	0	1	0	1	0	1	1	0	1	0	1
1355	0	1	0	1	0	1	1	0	1	0	0
1356	0	1	0	1	0	1	1	0	0	1	1
1357	0	1	0	1	0	1	1	0	0	1	0
1358	0	1	0	1	0	1	1	0	0	0	1
1359	0	1	0	1	0	1	1	0	0	0	0
1376	0	1	0	1	0	0	1	1	1	1	1
1377	0	1	0	1	0	0	1	1	1	1	0
1378	0	1	0	1	0	0	1	1	1	0	1
1379	0	1	0	1	0	0	1	1	1	0	0
1380	0	1	0	1	0	0	1	1	0	1	1
1381	0	1	0	1	0	0	1	1	0	1	0
1382	0	1	0	1	0	0	1	1	0	0	1
1383	0	1	0	1	0	0	1	1	0	0	0
1384	0	1	0	1	0	0	1	0	1	1	1
1385	0	1	0	1	0	0	1	0	1	1	0
1386	0	1	0	1	0	0	1	0	1	0	1
1387	0	1	0	1	0	0	1	0	1	0	0
1388	0	1	0	1	0	0	1	0	0	1	1
1389	0	1	0	1	0	0	1	0	0	1	0
1390	0	1	0	1	0	0	1	0	0	0	1
1391	0	1	0	1	0	0	1	0	0	0	0
1408	0	1	0	0	1	1	1	1	1	1	1
1409	0	1	0	0	1	1	1	1	1	1	0
1410	0	1	0	0	1	1	1	1	1	0	1
1411	0	1	0	0	1	1	1	1	1	0	0
1412	0	1	0	0	1	1	1	1	0	1	1
1413	0	1	0	0	1	1	1	1	0	1	0
1414	0	1	0	0	1	1	1	1	0	0	1
1415	0	1	0	0	1	1	1	1	0	0	0
1416	0	1	0	0	1	1	1	0	1	1	1
1417	0	1	0	0	1	1	1	0	1	1	0
1418	0	1	0	0	1	1	1	0	1	0	1
1419	0	1	0	0	1	1	1	0	1	0	0
1420	0	1	0	0	1	1	1	0	0	1	1
1421	0	1	0	0	1	1	1	0	0	1	0
1422	0	1	0	0	1	1	1	0	0	0	1
1423	0	1	0	0	1	1	1	0	0	0	0
1424	0	1	0	0	1	1	0	1	1	1	1
1425	0	1	0	0	1	1	0	1	1	1	0
1426	0	1	0	0	1	1	0	1	1	0	1
1427	0	1	0	0	1	1	0	1	1	0	0
1428	0	1	0	0	1	1	0	1	0	1	1
1429	0	1	0	0	1	1	0	1	0	1	0
1430	0	1	0	0	1	1	0	1	0	0	1
1431	0	1	0	0	1	1	0	1	0	0	0
1432	0	1	0	0	1	1	0	0	1	1	1
1433	0	1	0	0	1	1	0	0	1	1	0
1434	0	1	0	0	1	1	0	0	1	0	1
1435	0	1	0	0	1	1	0	0	1	0	0
1436	0	1	0	0	1	1	0	0	0	1	1
1437	0	1	0	0	1	1	0	0	0	1	0
1438	0	1	0	0	1	1	0	0	0	0	1
1439	0	1	0	0	1	1	0	0	0	0	0
1440	0	1	0	0	1	0	1	1	1	1	1
1441	0	1	0	0	1	0	1	1	1	1	0
1442	0	1	0	0	1	0	1	1	1	0	1
1443	0	1	0	0	1	0	1	1	1	0	0
1444	0	1	0	0	1	0	1	1	0	1	1
1445	0	1	0	0	1	0	1	1	0	1	0
1446	0	1	0	0	1	0	1	1	0	0	1
1447	0	1	0	0	1	0	1	1	0	0	0
1448	0	1	0	0	1	0	1	0	1	1	1
1449	0	1	0	0	1	0	1	0	1	1	0
1450	0	1	0	0	1	0	1	0	1	0	1
1451	0	1	0	0	1	0	1	0	1	0	0
1452	0	1	0	0	1	0	1	0	0	1	1
1453	0	1	0	0	1	0	1	0	0	1	0
1454	0	1	0	0	1	0	1	0	0	0	1
1455	0	1	0	0	1	0	1	0	0	0	0
1456	0	1	0	0	1	0	0	1	1	1	1
1457	0	1	0	0	1	0	0	1	1	1	0
1458	0	1	0	0	1	0	0	1	1	0	1
1459	0	1	0	0	1	0	0	1	1	0	0
1460	0	1	0	0	1	0	0	1	0	1	1
1461	0	1	0	0	1	0	0	1	0	1	0
1462	0	1	0	0	1	0	0	1	0	0	1
1463	0	1	0	0	1	0	0	1	0	0	0
1464	0	1	0	0	1	0	0	0	1	1	1
1465	0	1	0	0	1	0	0	0	1	1	0
1466	0	1	0	0	1	0	0	0	1	0	1
1467	0	1	0	0	1	0	0	0	1	0	0
1468	0	1	0	0	1	0	0	0	0	1	1
1469	0	1	0	0	1	0	0	0	0	1	0
1470	0	1	0	0	1	0	0	0	0	0	1
1471	0	1	0	0	1	0	0	0	0	0	0
1472	0	1	0	0	0	1	1	1	1	1	1
1473	0	1	0	0	0	1	1	1	1	1	0
1474	0	1	0	0	0	1	1	1	1	0	1
1475	0	1	0	0	0	1	1	1	1	0	0
1476	0	1	0	0	0	1	1	1	0	1	1
1477	0	1	0	0	0	1	1	1	0	1	0
1478	0	1	0	0	0	1	1	1	0	0	1
1479	0	1	0	0	0	1	1	1	0	0	0
1480	0	1	0	0	0	1	1	0	1	1	1
1481	0	1	0	0	0	1	1	0	1	1	0
1482	0	1	0	0	0	1	1	0	1	0	1
1483	0	1	0	0	0	1	1	0	1	0	0
1484	0	1	0	0	0	1	1	0	0	1	1
1485	0	1	0	0	0	1	1	0	0	1	0
1486	0	1	0	0	0	1	1	0	0	0	1
1487	0	1	0	0	0	1	1	0	0	0	0
1504	0	1	0	0	0	0	1	1	1	1	1
1505	0	1	0	0	0	0	1	1	1	1	0
1506	0	1	0	0	0	0	1	1	1	0	1
1507	0	1	0	0	0	0	1	1	1	0	0
1508	0	1	0	0	0	0	1	1	0	1	1
1509	0	1	0	0	0	0	1	1	0	1	0
1510	0	1	0	0	0	0	1	1	0	0	1
1511	0	1	0	0	0	0	1	1	0	0	0
1512	0	1	0	0	0	0	1	0	1	1	1
1513	0	1	0	0	0	0	1	0	1	1	0
1514	0	1	0	0	0	0	1	0	1	0	1
1515	0	1	0	0	0	0	1	0	1	0	0
1516	0	1	0	0	0	0	1	0	0	1	1
1517	0	1	0	0	0	0	1	0	0	1	0
1518	0	1	0	0	0	0	1	0	0	0	1
1519	0	1	0	0	0	0	1	0	0	0	0
1536	0	0	1	1	1	1	1	1	1	1	1
1537	0	0	1	1	1	1	1	1	1	1	0
1538	0	0	1	1	1	1	1	1	1	0	1
1539	0	0	1	1	1	1	1	1	1	0	0
1540	0	0	1	1	1	1	1	1	0	1	1
1541	0	0	1	1	1	1	1	1	0	1	0
1542	0	0	1	1	1	1	1	1	0	0	1
1543	0	0	1	1	1	1	1	1	0	0	0
1544	0	0	1	1	1	1	1	0	1	1	1
1545	0	0	1	1	1	1	1	0	1	1	0
1546	0	0	1	1	1	1	1	0	1	0	1
1547	0	0	1	1	1	1	1	0	1	0	0
1548	0	0	1	1	1	1	1	0	0	1	1
1549	0	0	1	1	1	1	1	0	0	1	0
1550	0	0	1	1	1	1	1	0	0	0	1
1551	0	0	1	1	1	1	1	0	0	0	0
1552	0	0	1	1	1	1	0	1	1	1	1
1553	0	0	1	1	1	1	0	1	1	1	0
1554	0	0	1	1	1	1	0	1	1	0	1
1555	0	0	1	1	1	1	0	1	1	0	0
1556	0	0	1	1	1	1	0	1	0	1	1
1557	0	0	1	1	1	1	0	1	0	1	0
1558	0	0	1	1	1	1	0	1	0	0	1
1559	0	0	1	1	1	1	0	1	0	0	0
1560	0	0	1	1	1	1	0	0	1	1	1
1561	0	0	1	1	1	1	0	0	1	1	0
1562	0	0	1	1	1	1	0	0	1	0	1
1563	0	0	1	1	1	1	0	0	1	0	0
1564	0	0	1	1	1	1	0	0	0	1	1
1565	0	0	1	1	1	1	0	0	0	1	0
1566	0	0	1	1	1	1	0	0	0	0	1
1567	0	0	1	1	1	1	0	0	0	0	0
1568	0	0	1	1	1	0	1	1	1	1	1
1569	0	0	1	1	1	0	1	1	1	1	0
1570	0	0	1	1	1	0	1	1	1	0	1
1571	0	0	1	1	1	0	1	1	1	0	0
1572	0	0	1	1	1	0	1	1	0	1	1
1573	0	0	1	1	1	0	1	1	0	1	0
1574	0	0	1	1	1	0	1	1	0	0	1
1575	0	0	1	1	1	0	1	1	0	0	0
1576	0	0	1	1	1	0	1	0	1	1	1
1577	0	0	1	1	1	0	1	0	1	1	0
1578	0	0	1	1	1	0	1	0	1	0	1
1579	0	0	1	1	1	0	1	0	1	0	0
1580	0	0	1	1	1	0	1	0	0	1	1
1581	0	0	1	1	1	0	1	0	0	1	0
1582	0	0	1	1	1	0	1	0	0	0	1
1583	0	0	1	1	1	0	1	0	0	0	0
1584	0	0	1	1	1	0	0	1	1	1	1
1585	0	0	1	1	1	0	0	1	1	1	0
1586	0	0	1	1	1	0	0	1	1	0	1
1587	0	0	1	1	1	0	0	1	1	0	0
1588	0	0	1	1	1	0	0	1	0	1	1
1589	0	0	1	1	1	0	0	1	0	1	0
1590	0	0	1	1	1	0	0	1	0	0	1
1591	0	0	1	1	1	0	0	1	0	0	0
1592	0	0	1	1	1	0	0	0	1	1	1
1593	0	0	1	1	1	0	0	0	1	1	0
1594	0	0	1	1	1	0	0	0	1	0	1
1595	0	0	1	1	1	0	0	0	1	0	0
1596	0	0	1	1	1	0	0	0	0	1	1
1597	0	0	1	1	1	0	0	0	0	1	0
1598	0	0	1	1	1	0	0	0	0	0	1
1599	0	0	1	1	1	0	0	0	0	0	0
1600	0	0	1	1	0	1	1	1	1	1	1
1601	0	0	1	1	0	1	1	1	1	1	0
1602	0	0	1	1	0	1	1	1	1	0	1
1603	0	0	1	1	0	1	1	1	1	0	0
1604	0	0	1	1	0	1	1	1	0	1	1
1605	0	0	1	1	0	1	1	1	0	1	0
1606	0	0	1	1	0	1	1	1	0	0	1
1607	0	0	1	1	0	1	1	1	0	0	0
1608	0	0	1	1	0	1	1	0	1	1	1
1609	0	0	1	1	0	1	1	0	1	1	0
1610	0	0	1	1	0	1	1	0	1	0	1
1611	0	0	1	1	0	1	1	0	1	0	0
1612	0	0	1	1	0	1	1	0	0	1	1
1613	0	0	1	1	0	1	1	0	0	1	0
1614	0	0	1	1	0	1	1	0	0	0	1
1615	0	0	1	1	0	1	1	0	0	0	0
1632	0	0	1	1	0	0	1	1	1	1	1
1633	0	0	1	1	0	0	1	1	1	1	0
1634	0	0	1	1	0	0	1	1	1	0	1
1635	0	0	1	1	0	0	1	1	1	0	0
1636	0	0	1	1	0	0	1	1	0	1	1
1637	0	0	1	1	0	0	1	1	0	1	0
1638	0	0	1	1	0	0	1	1	0	0	1
1639	0	0	1	1	0	0	1	1	0	0	0
1640	0	0	1	1	0	0	1	0	1	1	1
1641	0	0	1	1	0	0	1	0	1	1	0
1642	0	0	1	1	0	0	1	0	1	0	1
1643	0	0	1	1	0	0	1	0	1	0	0
1644	0	0	1	1	0	0	1	0	0	1	1
1645	0	0	1	1	0	0	1	0	0	1	0
1646	0	0	1	1	0	0	1	0	0	0	1
1647	0	0	1	1	0	0	1	0	0	0	0
1664	0	0	1	0	1	1	1	1	1	1	1
1665	0	0	1	0	1	1	1	1	1	1	0
1666	0	0	1	0	1	1	1	1	1	0	1
1667	0	0	1	0	1	1	1	1	1	0	0
1668	0	0	1	0	1	1	1	1	0	1	1
1669	0	0	1	0	1	1	1	1	0	1	0
1670	0	0	1	0	1	1	1	1	0	0	1
1671	0	0	1	0	1	1	1	1	0	0	0
1672	0	0	1	0	1	1	1	0	1	1	1
1673	0	0	1	0	1	1	1	0	1	1	0
1674	0	0	1	0	1	1	1	0	1	0	1
1675	0	0	1	0	1	1	1	0	1	0	0
1676	0	0	1	0	1	1	1	0	0	1	1
1677	0	0	1	0	1	1	1	0	0	1	0
1678	0	0	1	0	1	1	1	0	0	0	1
1679	0	0	1	0	1	1	1	0	0	0	0
1680	0	0	1	0	1	1	0	1	1	1	1
1681	0	0	1	0	1	1	0	1	1	1	0
1682	0	0	1	0	1	1	0	1	1	0	1
1683	0	0	1	0	1	1	0	1	1	0	0
1684	0	0	1	0	1	1	0	1	0	1	1
1685	0	0	1	0	1	1	0	1	0	1	0
1686	0	0	1	0	1	1	0	1	0	0	1
1687	0	0	1	0	1	1	0	1	0	0	0
1688	0	0	1	0	1	1	0	0	1	1	1
1689	0	0	1	0	1	1	0	0	1	1	0
1690	0	0	1	0	1	1	0	0	1	0	1
1691	0	0	1	0	1	1	0	0	1	0	0
1692	0	0	1	0	1	1	0	0	0	1	1
1693	0	0	1	0	1	1	0	0	0	1	0
1694	0	0	1	0	1	1	0	0	0	0	1
1695	0	0	1	0	1	1	0	0	0	0	0
1696	0	0	1	0	1	0	1	1	1	1	1
1697	0	0	1	0	1	0	1	1	1	1	0
1698	0	0	1	0	1	0	1	1	1	0	1
1699	0	0	1	0	1	0	1	1	1	0	0
1700	0	0	1	0	1	0	1	1	0	1	1
1701	0	0	1	0	1	0	1	1	0	1	0
1702	0	0	1	0	1	0	1	1	0	0	1
1703	0	0	1	0	1	0	1	1	0	0	0
1704	0	0	1	0	1	0	1	0	1	1	1
1705	0	0	1	0	1	0	1	0	1	1	0
1706	0	0	1	0	1	0	1	0	1	0	1
1707	0	0	1	0	1	0	1	0	1	0	0
1708	0	0	1	0	1	0	1	0	0	1	1
1709	0	0	1	0	1	0	1	0	0	1	0
1710	0	0	1	0	1	0	1	0	0	0	1
1711	0	0	1	0	1	0	1	0	0	0	0
1712	0	0	1	0	1	0	0	1	1	1	1
1713	0	0	1	0	1	0	0	1	1	1	0
1714	0	0	1	0	1	0	0	1	1	0	1
1715	0	0	1	0	1	0	0	1	1	0	0
1716	0	0	1	0	1	0	0	1	0	1	1
1717	0	0	1	0	1	0	0	1	0	1	0
1718	0	0	1	0	1	0	0	1	0	0	1
1719	0	0	1	0	1	0	0	1	0	0	0
1720	0	0	1	0	1	0	0	0	1	1	1
1721	0	0	1	0	1	0	0	0	1	1	0
1722	0	0	1	0	1	0	0	0	1	0	1
1723	0	0	1	0	1	0	0	0	1	0	0
1724	0	0	1	0	1	0	0	0	0	1	1
1725	0	0	1	0	1	0	0	0	0	1	0
1726	0	0	1	0	1	0	0	0	0	0	1
1727	0	0	1	0	1	0	0	0	0	0	0
1728	0	0	1	0	0	1	1	1	1	1	1
1729	0	0	1	0	0	1	1	1	1	1	0
1730	0	0	1	0	0	1	1	1	1	0	1
1731	0	0	1	0	0	1	1	1	1	0	0
1732	0	0	1	0	0	1	1	1	0	1	1
1733	0	0	1	0	0	1	1	1	0	1	0
1734	0	0	1	0	0	1	1	1	0	0	1
1735	0	0	1	0	0	1	1	1	0	0	0
1736	0	0	1	0	0	1	1	0	1	1	1
1737	0	0	1	0	0	1	1	0	1	1	0
1738	0	0	1	0	0	1	1	0	1	0	1
1739	0	0	1	0	0	1	1	0	1	0	0
1740	0	0	1	0	0	1	1	0	0	1	1
1741	0	0	1	0	0	1	1	0	0	1	0
1742	0	0	1	0	0	1	1	0	0	0	1
1743	0	0	1	0	0	1	1	0	0	0	0
1760	0	0	1	0	0	0	1	1	1	1	1
1761	0	0	1	0	0	0	1	1	1	1	0
1762	0	0	1	0	0	0	1	1	1	0	1
1763	0	0	1	0	0	0	1	1	1	0	0
1764	0	0	1	0	0	0	1	1	0	1	1
1765	0	0	1	0	0	0	1	1	0	1	0
1766	0	0	1	0	0	0	1	1	0	0	1
1767	0	0	1	0	0	0	1	1	0	0	0
1768	0	0	1	0	0	0	1	0	1	1	1
1769	0	0	1	0	0	0	1	0	1	1	0
1770	0	0	1	0	0	0	1	0	1	0	1
1771	0	0	1	0	0	0	1	0	1	0	0
1772	0	0	1	0	0	0	1	0	0	1	1
1773	0	0	1	0	0	0	1	0	0	1	0
1774	0	0	1	0	0	0	1	0	0	0	1
1775	0	0	1	0	0	0	1	0	0	0	0
1792	0	0	0	1	1	1	1	1	1	1	1
1793	0	0	0	1	1	1	1	1	1	1	0
1794	0	0	0	1	1	1	1	1	1	0	1
1795	0	0	0	1	1	1	1	1	1	0	0
1796	0	0	0	1	1	1	1	1	0	1	1
1797	0	0	0	1	1	1	1	1	0	1	0
1798	0	0	0	1	1	1	1	1	0	0	1
1799	0	0	0	1	1	1	1	1	0	0	0
1800	0	0	0	1	1	1	1	0	1	1	1
1801	0	0	0	1	1	1	1	0	1	1	0
1802	0	0	0	1	1	1	1	0	1	0	1
1803	0	0	0	1	1	1	1	0	1	0	0
1804	0	0	0	1	1	1	1	0	0	1	1
1805	0	0	0	1	1	1	1	0	0	1	0
1806	0	0	0	1	1	1	1	0	0	0	1
1807	0	0	0	1	1	1	1	0	0	0	0
1808	0	0	0	1	1	1	0	1	1	1	1
1809	0	0	0	1	1	1	0	1	1	1	0
1810	0	0	0	1	1	1	0	1	1	0	1
1811	0	0	0	1	1	1	0	1	1	0	0
1812	0	0	0	1	1	1	0	1	0	1	1
1813	0	0	0	1	1	1	0	1	0	1	0
1814	0	0	0	1	1	1	0	1	0	0	1
1815	0	0	0	1	1	1	0	1	0	0	0
1816	0	0	0	1	1	1	0	0	1	1	1
1817	0	0	0	1	1	1	0	0	1	1	0
1818	0	0	0	1	1	1	0	0	1	0	1
1819	0	0	0	1	1	1	0	0	1	0	0
1820	0	0	0	1	1	1	0	0	0	1	1
1821	0	0	0	1	1	1	0	0	0	1	0
1822	0	0	0	1	1	1	0	0	0	0	1
1823	0	0	0	1	1	1	0	0	0	0	0
1824	0	0	0	1	1	0	1	1	1	1	1
1825	0	0	0	1	1	0	1	1	1	1	0
1826	0	0	0	1	1	0	1	1	1	0	1
1827	0	0	0	1	1	0	1	1	1	0	0
1828	0	0	0	1	1	0	1	1	0	1	1
1829	0	0	0	1	1	0	1	1	0	1	0
1830	0	0	0	1	1	0	1	1	0	0	1
1831	0	0	0	1	1	0	1	1	0	0	0
1832	0	0	0	1	1	0	1	0	1	1	1
1833	0	0	0	1	1	0	1	0	1	1	0
1834	0	0	0	1	1	0	1	0	1	0	1
1835	0	0	0	1	1	0	1	0	1	0	0
1836	0	0	0	1	1	0	1	0	0	1	1
1837	0	0	0	1	1	0	1	0	0	1	0
1838	0	0	0	1	1	0	1	0	0	0	1
1839	0	0	0	1	1	0	1	0	0	0	0
1840	0	0	0	1	1	0	0	1	1	1	1
1841	0	0	0	1	1	0	0	1	1	1	0
1842	0	0	0	1	1	0	0	1	1	0	1
1843	0	0	0	1	1	0	0	1	1	0	0
1844	0	0	0	1	1	0	0	1	0	1	1
1845	0	0	0	1	1	0	0	1	0	1	0
1846	0	0	0	1	1	0	0	1	0	0	1
1847	0	0	0	1	1	0	0	1	0	0	0
1848	0	0	0	1	1	0	0	0	1	1	1
1849	0	0	0	1	1	0	0	0	1	1	0
1850	0	0	0	1	1	0	0	0	1	0	1
1851	0	0	0	1	1	0	0	0	1	0	0
1852	0	0	0	1	1	0	0	0	0	1	1
1853	0	0	0	1	1	0	0	0	0	1	0
1854	0	0	0	1	1	0	0	0	0	0	1
1855	0	0	0	1	1	0	0	0	0	0	0
1856	0	0	0	1	0	1	1	1	1	1	1
1857	0	0	0	1	0	1	1	1	1	1	0
1858	0	0	0	1	0	1	1	1	1	0	1
1859	0	0	0	1	0	1	1	1	1	0	0
1860	0	0	0	1	0	1	1	1	0	1	1
1861	0	0	0	1	0	1	1	1	0	1	0
1862	0	0	0	1	0	1	1	1	0	0	1
1863	0	0	0	1	0	1	1	1	0	0	0
1864	0	0	0	1	0	1	1	0	1	1	1
1865	0	0	0	1	0	1	1	0	1	1	0
1866	0	0	0	1	0	1	1	0	1	0	1
1867	0	0	0	1	0	1	1	0	1	0	0
1868	0	0	0	1	0	1	1	0	0	1	1
1869	0	0	0	1	0	1	1	0	0	1	0
1870	0	0	0	1	0	1	1	0	0	0	1
1871	0	0	0	1	0	1	1	0	0	0	0
1888	0	0	0	1	0	0	1	1	1	1	1
1889	0	0	0	1	0	0	1	1	1	1	0
1890	0	0	0	1	0	0	1	1	1	0	1
1891	0	0	0	1	0	0	1	1	1	0	0
1892	0	0	0	1	0	0	1	1	0	1	1
1893	0	0	0	1	0	0	1	1	0	1	0
1894	0	0	0	1	0	0	1	1	0	0	1
1895	0	0	0	1	0	0	1	1	0	0	0
1896	0	0	0	1	0	0	1	0	1	1	1
1897	0	0	0	1	0	0	1	0	1	1	0
1898	0	0	0	1	0	0	1	0	1	0	1
1899	0	0	0	1	0	0	1	0	1	0	0
1900	0	0	0	1	0	0	1	0	0	1	1
1901	0	0	0	1	0	0	1	0	0	1	0
1902	0	0	0	1	0	0	1	0	0	0	1
1903	0	0	0	1	0	0	1	0	0	0	0
1920	0	0	0	0	1	1	1	1	1	1	1
1921	0	0	0	0	1	1	1	1	1	1	0
1922	0	0	0	0	1	1	1	1	1	0	1
1923	0	0	0	0	1	1	1	1	1	0	0
1924	0	0	0	0	1	1	1	1	0	1	1
1925	0	0	0	0	1	1	1	1	0	1	0
1926	0	0	0	0	1	1	1	1	0	0	1
1927	0	0	0	0	1	1	1	1	0	0	0
1928	0	0	0	0	1	1	1	0	1	1	1
1929	0	0	0	0	1	1	1	0	1	1	0
1930	0	0	0	0	1	1	1	0	1	0	1
1931	0	0	0	0	1	1	1	0	1	0	0
1932	0	0	0	0	1	1	1	0	0	1	1
1933	0	0	0	0	1	1	1	0	0	1	0
1934	0	0	0	0	1	1	1	0	0	0	1
1935	0	0	0	0	1	1	1	0	0	0	0
1936	0	0	0	0	1	1	0	1	1	1	1
1937	0	0	0	0	1	1	0	1	1	1	0
1938	0	0	0	0	1	1	0	1	1	0	1
1939	0	0	0	0	1	1	0	1	1	0	0
1940	0	0	0	0	1	1	0	1	0	1	1
1941	0	0	0	0	1	1	0	1	0	1	0
1942	0	0	0	0	1	1	0	1	0	0	1
1943	0	0	0	0	1	1	0	1	0	0	0
1944	0	0	0	0	1	1	0	0	1	1	1
1945	0	0	0	0	1	1	0	0	1	1	0
1946	0	0	0	0	1	1	0	0	1	0	1
1947	0	0	0	0	1	1	0	0	1	0	0
1948	0	0	0	0	1	1	0	0	0	1	1
1949	0	0	0	0	1	1	0	0	0	1	0
1950	0	0	0	0	1	1	0	0	0	0	1
1951	0	0	0	0	1	1	0	0	0	0	0
1952	0	0	0	0	1	0	1	1	1	1	1
1953	0	0	0	0	1	0	1	1	1	1	0
1954	0	0	0	0	1	0	1	1	1	0	1
1955	0	0	0	0	1	0	1	1	1	0	0
1956	0	0	0	0	1	0	1	1	0	1	1
1957	0	0	0	0	1	0	1	1	0	1	0
1958	0	0	0	0	1	0	1	1	0	0	1
1959	0	0	0	0	1	0	1	1	0	0	0
1960	0	0	0	0	1	0	1	0	1	1	1
1961	0	0	0	0	1	0	1	0	1	1	0
1962	0	0	0	0	1	0	1	0	1	0	1
1963	0	0	0	0	1	0	1	0	1	0	0
1964	0	0	0	0	1	0	1	0	0	1	1
1965	0	0	0	0	1	0	1	0	0	1	0
1966	0	0	0	0	1	0	1	0	0	0	1
1967	0	0	0	0	1	0	1	0	0	0	0
1968	0	0	0	0	1	0	0	1	1	1	1
1969	0	0	0	0	1	0	0	1	1	1	0
1970	0	0	0	0	1	0	0	1	1	0	1
1971	0	0	0	0	1	0	0	1	1	0	0
1972	0	0	0	0	1	0	0	1	0	1	1
1973	0	0	0	0	1	0	0	1	0	1	0
1974	0	0	0	0	1	0	0	1	0	0	1
1975	0	0	0	0	1	0	0	1	0	0	0
1976	0	0	0	0	1	0	0	0	1	1	1
1977	0	0	0	0	1	0	0	0	1	1	0
1978	0	0	0	0	1	0	0	0	1	0	1
1979	0	0	0	0	1	0	0	0	1	0	0
1980	0	0	0	0	1	0	0	0	0	1	1
1981	0	0	0	0	1	0	0	0	0	1	0
1982	0	0	0	0	1	0	0	0	0	0	1
1983	0	0	0	0	1	0	0	0	0	0	0
1984	0	0	0	0	0	1	1	1	1	1	1
1985	0	0	0	0	0	1	1	1	1	1	0
1986	0	0	0	0	0	1	1	1	1	0	1
1987	0	0	0	0	0	1	1	1	1	0	0
1988	0	0	0	0	0	1	1	1	0	1	1
1989	0	0	0	0	0	1	1	1	0	1	0
1990	0	0	0	0	0	1	1	1	0	0	1
1991	0	0	0	0	0	1	1	1	0	0	0
1992	0	0	0	0	0	1	1	0	1	1	1
1993	0	0	0	0	0	1	1	0	1	1	0
1994	0	0	0	0	0	1	1	0	1	0	1
1995	0	0	0	0	0	1	1	0	1	0	0
1996	0	0	0	0	0	1	1	0	0	1	1
1997	0	0	0	0	0	1	1	0	0	1	0
1998	0	0	0	0	0	1	1	0	0	0	1
1999	0	0	0	0	0	1	1	0	0	0	0
2016	0	0	0	0	0	0	1	1	1	1	1
2017	0	0	0	0	0	0	1	1	1	1	0
2018	0	0	0	0	0	0	1	1	1	0	1
2019	0	0	0	0	0	0	1	1	1	0	0
2020	0	0	0	0	0	0	1	1	0	1	1
2021	0	0	0	0	0	0	1	1	0	1	0
2022	0	0	0	0	0	0	1	1	0	0	1
2023	0	0	0	0	0	0	1	1	0	0	0
2024	0	0	0	0	0	0	1	0	1	1	1
2025	0	0	0	0	0	0	1	0	1	1	0
2026	0	0	0	0	0	0	1	0	1	0	1
2027	0	0	0	0	0	0	1	0	1	0	0
2028	0	0	0	0	0	0	1	0	0	1	1
2029	0	0	0	0	0	0	1	0	0	1	0
2030	0	0	0	0	0	0	1	0	0	0	1
2031	0	0	0	0	0	0	1	0	0	0	0
